{
    "USDC.e": {
        "0x1578D79ab9777f8f1B9A5fE8abd593835492f21A": 0.0,
        "0xD2c6e7892F3131e22d05E37E9B22bA79f8C74bA0": 5.000437
    },
    "USDC": {
        "0x1578D79ab9777f8f1B9A5fE8abd593835492f21A": 131.43757,
        "0xD2c6e7892F3131e22d05E37E9B22bA79f8C74bA0": 0.000871
    }
}